<?xml version="1.0" encoding="UTF-8"?>
<GenRun Id="impl_1" LaunchPart="xc7a35tcsg324-1" LaunchTime="1748618806">
  <File Type="PWROPT-DCP" Name="Top_Module_Test2_pwropt.dcp"/>
  <File Type="ROUTE-PWR" Name="Top_Module_Test2_power_routed.rpt"/>
  <File Type="PA-TCL" Name="Top_Module_Test2.tcl"/>
  <File Type="ROUTE-PWR-SUM" Name="Top_Module_Test2_power_summary_routed.pb"/>
  <File Type="REPORTS-TCL" Name="Top_Module_Test2_reports.tcl"/>
  <File Type="BG-DRC" Name="Top_Module_Test2.drc"/>
  <File Type="OPT-METHODOLOGY-DRC" Name="Top_Module_Test2_methodology_drc_opted.rpt"/>
  <File Type="INIT-TIMING" Name="Top_Module_Test2_timing_summary_init.rpt"/>
  <File Type="OPT-HWDEF" Name="Top_Module_Test2.hwdef"/>
  <File Type="OPT-DCP" Name="Top_Module_Test2_opt.dcp"/>
  <File Type="OPT-DRC" Name="Top_Module_Test2_drc_opted.rpt"/>
  <File Type="OPT-TIMING" Name="Top_Module_Test2_timing_summary_opted.rpt"/>
  <File Type="PWROPT-DRC" Name="Top_Module_Test2_drc_pwropted.rpt"/>
  <File Type="PWROPT-TIMING" Name="Top_Module_Test2_timing_summary_pwropted.rpt"/>
  <File Type="PLACE-DCP" Name="Top_Module_Test2_placed.dcp"/>
  <File Type="PLACE-IO" Name="Top_Module_Test2_io_placed.rpt"/>
  <File Type="PLACE-CLK" Name="Top_Module_Test2_clock_utilization_placed.rpt"/>
  <File Type="PLACE-UTIL" Name="Top_Module_Test2_utilization_placed.rpt"/>
  <File Type="PLACE-UTIL-PB" Name="Top_Module_Test2_utilization_placed.pb"/>
  <File Type="PLACE-CTRL" Name="Top_Module_Test2_control_sets_placed.rpt"/>
  <File Type="PLACE-SIMILARITY" Name="Top_Module_Test2_incremental_reuse_placed.rpt"/>
  <File Type="PLACE-PRE-SIMILARITY" Name="Top_Module_Test2_incremental_reuse_pre_placed.rpt"/>
  <File Type="PLACE-TIMING" Name="Top_Module_Test2_timing_summary_placed.rpt"/>
  <File Type="POSTPLACE-PWROPT-DCP" Name="Top_Module_Test2_postplace_pwropt.dcp"/>
  <File Type="POSTPLACE-PWROPT-TIMING" Name="Top_Module_Test2_timing_summary_postplace_pwropted.rpt"/>
  <File Type="PHYSOPT-DCP" Name="Top_Module_Test2_physopt.dcp"/>
  <File Type="PHYSOPT-DRC" Name="Top_Module_Test2_drc_physopted.rpt"/>
  <File Type="BG-BIT" Name="Top_Module_Test2.bit"/>
  <File Type="PHYSOPT-TIMING" Name="Top_Module_Test2_timing_summary_physopted.rpt"/>
  <File Type="ROUTE-ERROR-DCP" Name="Top_Module_Test2_routed_error.dcp"/>
  <File Type="ROUTE-DCP" Name="Top_Module_Test2_routed.dcp"/>
  <File Type="ROUTE-BLACKBOX-DCP" Name="Top_Module_Test2_routed_bb.dcp"/>
  <File Type="ROUTE-DRC" Name="Top_Module_Test2_drc_routed.rpt"/>
  <File Type="ROUTE-DRC-PB" Name="Top_Module_Test2_drc_routed.pb"/>
  <File Type="BITSTR-MSK" Name="Top_Module_Test2.msk"/>
  <File Type="ROUTE-DRC-RPX" Name="Top_Module_Test2_drc_routed.rpx"/>
  <File Type="BG-BGN" Name="Top_Module_Test2.bgn"/>
  <File Type="ROUTE-METHODOLOGY-DRC" Name="Top_Module_Test2_methodology_drc_routed.rpt"/>
  <File Type="BITSTR-RBT" Name="Top_Module_Test2.rbt"/>
  <File Type="ROUTE-METHODOLOGY-DRC-RPX" Name="Top_Module_Test2_methodology_drc_routed.rpx"/>
  <File Type="BG-BIN" Name="Top_Module_Test2.bin"/>
  <File Type="ROUTE-METHODOLOGY-DRC-PB" Name="Top_Module_Test2_methodology_drc_routed.pb"/>
  <File Type="ROUTE-PWR-RPX" Name="Top_Module_Test2_power_routed.rpx"/>
  <File Type="ROUTE-STATUS" Name="Top_Module_Test2_route_status.rpt"/>
  <File Type="ROUTE-STATUS-PB" Name="Top_Module_Test2_route_status.pb"/>
  <File Type="ROUTE-TIMINGSUMMARY" Name="Top_Module_Test2_timing_summary_routed.rpt"/>
  <File Type="ROUTE-TIMING-PB" Name="Top_Module_Test2_timing_summary_routed.pb"/>
  <File Type="ROUTE-TIMING-RPX" Name="Top_Module_Test2_timing_summary_routed.rpx"/>
  <File Type="ROUTE-SIMILARITY" Name="Top_Module_Test2_incremental_reuse_routed.rpt"/>
  <File Type="RDI-RDI" Name="Top_Module_Test2.vdi"/>
  <File Type="ROUTE-CLK" Name="Top_Module_Test2_clock_utilization_routed.rpt"/>
  <File Type="POSTROUTE-PHYSOPT-DCP" Name="Top_Module_Test2_postroute_physopt.dcp"/>
  <File Type="POSTROUTE-PHYSOPT-BLACKBOX-DCP" Name="Top_Module_Test2_postroute_physopt_bb.dcp"/>
  <File Type="POSTROUTE-PHYSOPT-TIMING" Name="Top_Module_Test2_timing_summary_postroute_physopted.rpt"/>
  <File Type="POSTROUTE-PHYSOPT-TIMING-PB" Name="Top_Module_Test2_timing_summary_postroute_physopted.pb"/>
  <File Type="POSTROUTE-PHYSOPT-TIMING-RPX" Name="Top_Module_Test2_timing_summary_postroute_physopted.rpx"/>
  <File Type="BITSTR-NKY" Name="Top_Module_Test2.nky"/>
  <File Type="BITSTR-BMM" Name="Top_Module_Test2_bd.bmm"/>
  <File Type="BITSTR-MMI" Name="Top_Module_Test2.mmi"/>
  <File Type="BITSTR-LTX" Name="debug_nets.ltx"/>
  <File Type="BITSTR-LTX" Name="Top_Module_Test2.ltx"/>
  <File Type="BITSTR-SYSDEF" Name="Top_Module_Test2.sysdef"/>
  <File Type="WBT-USG" Name="usage_statistics_webtalk.html"/>
  <FileSet Name="sources" Type="DesignSrcs" RelSrcDir="$PSRCDIR/sources_1">
    <Filter Type="Srcs"/>
    <File Path="$PSRCDIR/sources_1/new/Control_timer.v">
      <FileInfo>
        <Attr Name="ImportPath" Val="$PPRDIR/../Timer_G2/Timer_G2.srcs/sources_1/new/Control_timer.v"/>
        <Attr Name="ImportTime" Val="1747275487"/>
        <Attr Name="UsedIn" Val="synthesis"/>
        <Attr Name="UsedIn" Val="implementation"/>
        <Attr Name="UsedIn" Val="simulation"/>
      </FileInfo>
    </File>
    <File Path="$PSRCDIR/sources_1/new/DP0.v">
      <FileInfo>
        <Attr Name="ImportPath" Val="$PPRDIR/../Timer_G2/Timer_G2.srcs/sources_1/new/DP0.v"/>
        <Attr Name="ImportTime" Val="1747275496"/>
        <Attr Name="UsedIn" Val="synthesis"/>
        <Attr Name="UsedIn" Val="implementation"/>
        <Attr Name="UsedIn" Val="simulation"/>
      </FileInfo>
    </File>
    <File Path="$PSRCDIR/sources_1/new/DP1.v">
      <FileInfo>
        <Attr Name="ImportPath" Val="$PPRDIR/../Timer_G2/Timer_G2.srcs/sources_1/new/DP1.v"/>
        <Attr Name="ImportTime" Val="1746940928"/>
        <Attr Name="UsedIn" Val="synthesis"/>
        <Attr Name="UsedIn" Val="implementation"/>
        <Attr Name="UsedIn" Val="simulation"/>
      </FileInfo>
    </File>
    <File Path="$PSRCDIR/sources_1/new/DP10.v">
      <FileInfo>
        <Attr Name="ImportPath" Val="$PPRDIR/../Timer_G3.2/Timer_G3.2.srcs/sources_1/new/DP10.v"/>
        <Attr Name="ImportTime" Val="1748057245"/>
        <Attr Name="UsedIn" Val="synthesis"/>
        <Attr Name="UsedIn" Val="implementation"/>
        <Attr Name="UsedIn" Val="simulation"/>
      </FileInfo>
    </File>
    <File Path="$PSRCDIR/sources_1/new/FSM1.v">
      <FileInfo>
        <Attr Name="ImportPath" Val="$PPRDIR/../Timer_G2/Timer_G2.srcs/sources_1/new/FSM1.v"/>
        <Attr Name="ImportTime" Val="1746941650"/>
        <Attr Name="UsedIn" Val="synthesis"/>
        <Attr Name="UsedIn" Val="implementation"/>
        <Attr Name="UsedIn" Val="simulation"/>
      </FileInfo>
    </File>
    <File Path="$PSRCDIR/sources_1/new/FSM10.v">
      <FileInfo>
        <Attr Name="ImportPath" Val="$PPRDIR/../Timer_G3.2/Timer_G3.2.srcs/sources_1/new/FSM10.v"/>
        <Attr Name="ImportTime" Val="1748074459"/>
        <Attr Name="UsedIn" Val="synthesis"/>
        <Attr Name="UsedIn" Val="implementation"/>
        <Attr Name="UsedIn" Val="simulation"/>
      </FileInfo>
    </File>
    <File Path="$PSRCDIR/sources_1/new/MUX.v">
      <FileInfo>
        <Attr Name="ImportPath" Val="$PPRDIR/../Timer_G2/Timer_G2.srcs/sources_1/new/MUX.v"/>
        <Attr Name="ImportTime" Val="1746777643"/>
        <Attr Name="UsedIn" Val="synthesis"/>
        <Attr Name="UsedIn" Val="implementation"/>
        <Attr Name="UsedIn" Val="simulation"/>
      </FileInfo>
    </File>
    <File Path="$PSRCDIR/sources_1/new/OE.v">
      <FileInfo>
        <Attr Name="ImportPath" Val="$PPRDIR/../Timer_G2/Timer_G2.srcs/sources_1/new/OE.v"/>
        <Attr Name="ImportTime" Val="1747054630"/>
        <Attr Name="UsedIn" Val="synthesis"/>
        <Attr Name="UsedIn" Val="implementation"/>
        <Attr Name="UsedIn" Val="simulation"/>
      </FileInfo>
    </File>
    <File Path="$PPRDIR/../OLED_G2.3/OLED_G2.3.srcs/sources_1/new/OLED_FontData.v">
      <FileInfo>
        <Attr Name="UsedIn" Val="synthesis"/>
        <Attr Name="UsedIn" Val="implementation"/>
        <Attr Name="UsedIn" Val="simulation"/>
      </FileInfo>
    </File>
    <File Path="$PPRDIR/../OLED_G2.3/OLED_G2.3.srcs/sources_1/new/OLED_Init.v">
      <FileInfo>
        <Attr Name="UsedIn" Val="synthesis"/>
        <Attr Name="UsedIn" Val="implementation"/>
        <Attr Name="UsedIn" Val="simulation"/>
      </FileInfo>
    </File>
    <File Path="$PPRDIR/../OLED_G2.3/OLED_G2.3.srcs/sources_1/new/OLED_SelData.v">
      <FileInfo>
        <Attr Name="UsedIn" Val="synthesis"/>
        <Attr Name="UsedIn" Val="implementation"/>
        <Attr Name="UsedIn" Val="simulation"/>
      </FileInfo>
    </File>
    <File Path="$PPRDIR/../OLED_G2.3/OLED_G2.3.srcs/sources_1/new/OLED_ShowFont.v">
      <FileInfo>
        <Attr Name="UsedIn" Val="synthesis"/>
        <Attr Name="UsedIn" Val="implementation"/>
        <Attr Name="UsedIn" Val="simulation"/>
      </FileInfo>
    </File>
    <File Path="$PPRDIR/../OLED_G2.3/OLED_G2.3.srcs/sources_1/new/OLED_Top.v">
      <FileInfo>
        <Attr Name="UsedIn" Val="synthesis"/>
        <Attr Name="UsedIn" Val="implementation"/>
        <Attr Name="UsedIn" Val="simulation"/>
      </FileInfo>
    </File>
    <File Path="$PSRCDIR/sources_1/new/Top_Schedule.v">
      <FileInfo>
        <Attr Name="ImportPath" Val="$PPRDIR/../Timer_G2/Timer_G2.srcs/sources_1/new/Top_Schedule.v"/>
        <Attr Name="ImportTime" Val="1747057130"/>
        <Attr Name="UsedIn" Val="synthesis"/>
        <Attr Name="UsedIn" Val="implementation"/>
        <Attr Name="UsedIn" Val="simulation"/>
      </FileInfo>
    </File>
    <File Path="$PSRCDIR/sources_1/new/Top_Timer.v">
      <FileInfo>
        <Attr Name="ImportPath" Val="$PPRDIR/../Timer_G2/Timer_G2.srcs/sources_1/new/Top_Timer.v"/>
        <Attr Name="ImportTime" Val="1746941666"/>
        <Attr Name="UsedIn" Val="synthesis"/>
        <Attr Name="UsedIn" Val="implementation"/>
        <Attr Name="UsedIn" Val="simulation"/>
      </FileInfo>
    </File>
    <File Path="$PSRCDIR/sources_1/new/Top_Timer_Reverse.v">
      <FileInfo>
        <Attr Name="ImportPath" Val="$PPRDIR/../Timer_G2/Timer_G2.srcs/sources_1/new/Top_Timer_Reverse.v"/>
        <Attr Name="ImportTime" Val="1747275501"/>
        <Attr Name="UsedIn" Val="synthesis"/>
        <Attr Name="UsedIn" Val="implementation"/>
        <Attr Name="UsedIn" Val="simulation"/>
      </FileInfo>
    </File>
    <File Path="$PSRCDIR/sources_1/new/XUM.v">
      <FileInfo>
        <Attr Name="ImportPath" Val="$PPRDIR/../Timer_G2.4/Timer_G2.4.srcs/sources_1/new/XUM.v"/>
        <Attr Name="ImportTime" Val="1747320840"/>
        <Attr Name="UsedIn" Val="synthesis"/>
        <Attr Name="UsedIn" Val="implementation"/>
        <Attr Name="UsedIn" Val="simulation"/>
      </FileInfo>
    </File>
    <File Path="$PSRCDIR/sources_1/new/converter.v">
      <FileInfo>
        <Attr Name="ImportPath" Val="$PPRDIR/../Timer_G2.4/Timer_G2.4.srcs/sources_1/new/converter.v"/>
        <Attr Name="ImportTime" Val="1747637612"/>
        <Attr Name="UsedIn" Val="synthesis"/>
        <Attr Name="UsedIn" Val="implementation"/>
        <Attr Name="UsedIn" Val="simulation"/>
      </FileInfo>
    </File>
    <File Path="$PSRCDIR/sources_1/new/display.v">
      <FileInfo>
        <Attr Name="ImportPath" Val="$PPRDIR/../Timer_G2/Timer_G2.srcs/sources_1/new/display.v"/>
        <Attr Name="ImportTime" Val="1747119469"/>
        <Attr Name="UsedIn" Val="synthesis"/>
        <Attr Name="UsedIn" Val="implementation"/>
        <Attr Name="UsedIn" Val="simulation"/>
      </FileInfo>
    </File>
    <File Path="$PSRCDIR/sources_1/new/focus.v">
      <FileInfo>
        <Attr Name="ImportPath" Val="$PPRDIR/../Timer_G2.4/Timer_G2.4.srcs/sources_1/new/focus.v"/>
        <Attr Name="ImportTime" Val="1747322896"/>
        <Attr Name="UsedIn" Val="synthesis"/>
        <Attr Name="UsedIn" Val="implementation"/>
        <Attr Name="UsedIn" Val="simulation"/>
      </FileInfo>
    </File>
    <File Path="$PPRDIR/../OLED_G2.3/OLED_G2.3.srcs/sources_1/new/iic.v">
      <FileInfo>
        <Attr Name="UsedIn" Val="synthesis"/>
        <Attr Name="UsedIn" Val="implementation"/>
        <Attr Name="UsedIn" Val="simulation"/>
      </FileInfo>
    </File>
    <File Path="$PSRCDIR/sources_1/new/long.v">
      <FileInfo>
        <Attr Name="ImportPath" Val="$PPRDIR/../Timer_G3.2/Timer_G3.2.srcs/sources_1/new/long.v"/>
        <Attr Name="ImportTime" Val="1747740444"/>
        <Attr Name="UsedIn" Val="synthesis"/>
        <Attr Name="UsedIn" Val="implementation"/>
        <Attr Name="UsedIn" Val="simulation"/>
      </FileInfo>
    </File>
    <File Path="$PPRDIR/../OLED_G2.3/OLED_G2.3.srcs/sources_1/new/main.v">
      <FileInfo>
        <Attr Name="UsedIn" Val="synthesis"/>
        <Attr Name="UsedIn" Val="implementation"/>
        <Attr Name="UsedIn" Val="simulation"/>
      </FileInfo>
    </File>
    <File Path="$PSRCDIR/sources_1/new/mute.v">
      <FileInfo>
        <Attr Name="ImportPath" Val="$PPRDIR/../Timer_G3.2/Timer_G3.2.srcs/sources_1/new/mute.v"/>
        <Attr Name="ImportTime" Val="1747806048"/>
        <Attr Name="UsedIn" Val="synthesis"/>
        <Attr Name="UsedIn" Val="implementation"/>
        <Attr Name="UsedIn" Val="simulation"/>
      </FileInfo>
    </File>
    <File Path="$PPRDIR/../OLED_G2.3/OLED_G2.3.srcs/sources_1/new/num.v">
      <FileInfo>
        <Attr Name="UsedIn" Val="synthesis"/>
        <Attr Name="UsedIn" Val="implementation"/>
        <Attr Name="UsedIn" Val="simulation"/>
      </FileInfo>
    </File>
    <File Path="$PSRCDIR/sources_1/new/onoff.v">
      <FileInfo>
        <Attr Name="ImportPath" Val="$PPRDIR/../Timer_G2/Timer_G2.srcs/sources_1/new/onoff.v"/>
        <Attr Name="ImportTime" Val="1747119109"/>
        <Attr Name="UsedIn" Val="synthesis"/>
        <Attr Name="UsedIn" Val="implementation"/>
        <Attr Name="UsedIn" Val="simulation"/>
      </FileInfo>
    </File>
    <File Path="$PPRDIR/../OLED_G2.3/OLED_G2.3.srcs/sources_1/new/pick.v">
      <FileInfo>
        <Attr Name="UsedIn" Val="synthesis"/>
        <Attr Name="UsedIn" Val="implementation"/>
        <Attr Name="UsedIn" Val="simulation"/>
      </FileInfo>
    </File>
    <File Path="$PSRCDIR/sources_1/new/remind.v">
      <FileInfo>
        <Attr Name="ImportPath" Val="$PPRDIR/../Timer_G3.2/Timer_G3.2.srcs/sources_1/new/remind.v"/>
        <Attr Name="ImportTime" Val="1748156488"/>
        <Attr Name="UsedIn" Val="synthesis"/>
        <Attr Name="UsedIn" Val="implementation"/>
        <Attr Name="UsedIn" Val="simulation"/>
      </FileInfo>
    </File>
    <File Path="$PSRCDIR/sources_1/new/schedule.v">
      <FileInfo>
        <Attr Name="ImportPath" Val="$PPRDIR/../Timer_G2/Timer_G2.srcs/sources_1/new/schedule.v"/>
        <Attr Name="ImportTime" Val="1747055816"/>
        <Attr Name="UsedIn" Val="synthesis"/>
        <Attr Name="UsedIn" Val="implementation"/>
        <Attr Name="UsedIn" Val="simulation"/>
      </FileInfo>
    </File>
    <File Path="$PSRCDIR/sources_1/new/sep.v">
      <FileInfo>
        <Attr Name="ImportPath" Val="$PPRDIR/../Timer_G3.2/Timer_G3.2.srcs/sources_1/new/sep.v"/>
        <Attr Name="ImportTime" Val="1748013690"/>
        <Attr Name="UsedIn" Val="synthesis"/>
        <Attr Name="UsedIn" Val="implementation"/>
        <Attr Name="UsedIn" Val="simulation"/>
      </FileInfo>
    </File>
    <File Path="$PSRCDIR/sources_1/new/set_timer.v">
      <FileInfo>
        <Attr Name="ImportPath" Val="$PPRDIR/../Timer_G2/Timer_G2.srcs/sources_1/new/set_timer.v"/>
        <Attr Name="ImportTime" Val="1747111011"/>
        <Attr Name="UsedIn" Val="synthesis"/>
        <Attr Name="UsedIn" Val="implementation"/>
        <Attr Name="UsedIn" Val="simulation"/>
      </FileInfo>
    </File>
    <File Path="$PSRCDIR/sources_1/new/timer.v">
      <FileInfo>
        <Attr Name="ImportPath" Val="$PPRDIR/../Timer_G2/Timer_G2.srcs/sources_1/new/timer.v"/>
        <Attr Name="ImportTime" Val="1746629728"/>
        <Attr Name="UsedIn" Val="synthesis"/>
        <Attr Name="UsedIn" Val="implementation"/>
        <Attr Name="UsedIn" Val="simulation"/>
      </FileInfo>
    </File>
    <File Path="$PSRCDIR/sources_1/new/timer_reverse.v">
      <FileInfo>
        <Attr Name="ImportPath" Val="$PPRDIR/../Timer_G2/Timer_G2.srcs/sources_1/new/timer_reverse.v"/>
        <Attr Name="ImportTime" Val="1747122366"/>
        <Attr Name="UsedIn" Val="synthesis"/>
        <Attr Name="UsedIn" Val="implementation"/>
        <Attr Name="UsedIn" Val="simulation"/>
      </FileInfo>
    </File>
    <File Path="$PSRCDIR/sources_1/new/view.v">
      <FileInfo>
        <Attr Name="ImportPath" Val="$PPRDIR/../Timer_G3.2/Timer_G3.2.srcs/sources_1/new/view.v"/>
        <Attr Name="ImportTime" Val="1748055493"/>
        <Attr Name="UsedIn" Val="synthesis"/>
        <Attr Name="UsedIn" Val="implementation"/>
        <Attr Name="UsedIn" Val="simulation"/>
      </FileInfo>
    </File>
    <File Path="$PSRCDIR/sources_1/new/Top_Module_Test2.v">
      <FileInfo>
        <Attr Name="UsedIn" Val="synthesis"/>
        <Attr Name="UsedIn" Val="implementation"/>
        <Attr Name="UsedIn" Val="simulation"/>
      </FileInfo>
    </File>
    <File Path="$PSRCDIR/sources_1/new/DP2.v">
      <FileInfo>
        <Attr Name="AutoDisabled" Val="1"/>
        <Attr Name="ImportPath" Val="$PPRDIR/../Timer_G2/Timer_G2.srcs/sources_1/new/DP2.v"/>
        <Attr Name="ImportTime" Val="1747057458"/>
        <Attr Name="UsedIn" Val="synthesis"/>
        <Attr Name="UsedIn" Val="implementation"/>
        <Attr Name="UsedIn" Val="simulation"/>
      </FileInfo>
    </File>
    <File Path="$PSRCDIR/sources_1/new/FSM2.v">
      <FileInfo>
        <Attr Name="AutoDisabled" Val="1"/>
        <Attr Name="ImportPath" Val="$PPRDIR/../Timer_G2/Timer_G2.srcs/sources_1/new/FSM2.v"/>
        <Attr Name="ImportTime" Val="1747035504"/>
        <Attr Name="UsedIn" Val="synthesis"/>
        <Attr Name="UsedIn" Val="implementation"/>
        <Attr Name="UsedIn" Val="simulation"/>
      </FileInfo>
    </File>
    <File Path="$PSRCDIR/sources_1/new/MUX1.v">
      <FileInfo>
        <Attr Name="AutoDisabled" Val="1"/>
        <Attr Name="ImportPath" Val="$PPRDIR/../Timer_G3.2/Timer_G3.2.srcs/sources_1/new/MUX1.v"/>
        <Attr Name="ImportTime" Val="1747751804"/>
        <Attr Name="UsedIn" Val="synthesis"/>
        <Attr Name="UsedIn" Val="implementation"/>
        <Attr Name="UsedIn" Val="simulation"/>
      </FileInfo>
    </File>
    <File Path="$PSRCDIR/sources_1/new/Top_Moudle_Test.v">
      <FileInfo>
        <Attr Name="AutoDisabled" Val="1"/>
        <Attr Name="ImportPath" Val="$PPRDIR/../Timer_G2/Timer_G2.srcs/sources_1/new/Top_Moudle_Test.v"/>
        <Attr Name="ImportTime" Val="1747275509"/>
        <Attr Name="UsedIn" Val="synthesis"/>
        <Attr Name="UsedIn" Val="implementation"/>
        <Attr Name="UsedIn" Val="simulation"/>
      </FileInfo>
    </File>
    <File Path="$PSRCDIR/sources_1/imports/new/dht11.v">
      <FileInfo>
        <Attr Name="AutoDisabled" Val="1"/>
        <Attr Name="ImportPath" Val="$PPRDIR/../Timer_G3.2/Timer_G3.2.srcs/sources_1/new/dht11.v"/>
        <Attr Name="ImportTime" Val="1662540844"/>
        <Attr Name="UsedIn" Val="synthesis"/>
        <Attr Name="UsedIn" Val="implementation"/>
        <Attr Name="UsedIn" Val="simulation"/>
      </FileInfo>
    </File>
    <File Path="$PSRCDIR/sources_1/new/period.v">
      <FileInfo>
        <Attr Name="AutoDisabled" Val="1"/>
        <Attr Name="ImportPath" Val="$PPRDIR/../Timer_G2/Timer_G2.srcs/sources_1/new/period.v"/>
        <Attr Name="ImportTime" Val="1747275089"/>
        <Attr Name="UsedIn" Val="synthesis"/>
        <Attr Name="UsedIn" Val="implementation"/>
        <Attr Name="UsedIn" Val="simulation"/>
      </FileInfo>
    </File>
    <File Path="$PSRCDIR/sources_1/new/set_schedule.v">
      <FileInfo>
        <Attr Name="AutoDisabled" Val="1"/>
        <Attr Name="ImportPath" Val="$PPRDIR/../Timer_G2/Timer_G2.srcs/sources_1/new/set_schedule.v"/>
        <Attr Name="ImportTime" Val="1747057190"/>
        <Attr Name="UsedIn" Val="synthesis"/>
        <Attr Name="UsedIn" Val="implementation"/>
        <Attr Name="UsedIn" Val="simulation"/>
      </FileInfo>
    </File>
    <File Path="$PSRCDIR/sources_1/new/test10.v">
      <FileInfo>
        <Attr Name="AutoDisabled" Val="1"/>
        <Attr Name="ImportPath" Val="$PPRDIR/../Timer_G3.2/Timer_G3.2.srcs/sources_1/new/test10.v"/>
        <Attr Name="ImportTime" Val="1748136452"/>
        <Attr Name="UsedIn" Val="synthesis"/>
        <Attr Name="UsedIn" Val="implementation"/>
        <Attr Name="UsedIn" Val="simulation"/>
      </FileInfo>
    </File>
    <Config>
      <Option Name="DesignMode" Val="RTL"/>
      <Option Name="TopModule" Val="Top_Module_Test2"/>
    </Config>
  </FileSet>
  <FileSet Name="constrs_in" Type="Constrs" RelSrcDir="$PSRCDIR/constrs_1">
    <Filter Type="Constrs"/>
    <File Path="$PSRCDIR/constrs_1/new/test.xdc">
      <FileInfo>
        <Attr Name="ImportPath" Val="$PPRDIR/../Timer_G2/Timer_G2.srcs/constrs_1/new/test.xdc"/>
        <Attr Name="ImportTime" Val="1747136299"/>
        <Attr Name="UsedIn" Val="synthesis"/>
        <Attr Name="UsedIn" Val="implementation"/>
      </FileInfo>
    </File>
    <File Path="$PSRCDIR/constrs_1/new/test1.xdc">
      <FileInfo>
        <Attr Name="ImportPath" Val="$PPRDIR/../Timer_G3.2/Timer_G3.2.srcs/constrs_1/new/test1.xdc"/>
        <Attr Name="ImportTime" Val="1748180836"/>
        <Attr Name="UsedIn" Val="synthesis"/>
        <Attr Name="UsedIn" Val="implementation"/>
      </FileInfo>
    </File>
    <Config>
      <Option Name="TargetConstrsFile" Val="$PSRCDIR/constrs_1/new/test1.xdc"/>
      <Option Name="ConstrsType" Val="XDC"/>
    </Config>
  </FileSet>
  <Strategy Version="1" Minor="2">
    <StratHandle Name="Vivado Implementation Defaults" Flow="Vivado Implementation 2017">
      <Desc>Default settings for Implementation.</Desc>
    </StratHandle>
    <Step Id="init_design"/>
    <Step Id="opt_design"/>
    <Step Id="power_opt_design"/>
    <Step Id="place_design"/>
    <Step Id="post_place_power_opt_design"/>
    <Step Id="phys_opt_design"/>
    <Step Id="route_design"/>
    <Step Id="post_route_phys_opt_design"/>
    <Step Id="write_bitstream">
      <Option Id="BinFile">1</Option>
    </Step>
  </Strategy>
</GenRun>
