<?xml version="1.0" encoding="UTF-8"?>
<GenRun Id="impl_1" LaunchPart="xc7a35tcsg324-1" LaunchTime="1748191963">
  <File Type="PWROPT-DCP" Name="task_water_pwropt.dcp"/>
  <File Type="ROUTE-PWR" Name="task_water_power_routed.rpt"/>
  <File Type="PA-TCL" Name="task_water.tcl"/>
  <File Type="ROUTE-PWR-SUM" Name="task_water_power_summary_routed.pb"/>
  <File Type="REPORTS-TCL" Name="task_water_reports.tcl"/>
  <File Type="BG-DRC" Name="task_water.drc"/>
  <File Type="OPT-METHODOLOGY-DRC" Name="task_water_methodology_drc_opted.rpt"/>
  <File Type="INIT-TIMING" Name="task_water_timing_summary_init.rpt"/>
  <File Type="OPT-HWDEF" Name="task_water.hwdef"/>
  <File Type="OPT-DCP" Name="task_water_opt.dcp"/>
  <File Type="OPT-DRC" Name="task_water_drc_opted.rpt"/>
  <File Type="OPT-TIMING" Name="task_water_timing_summary_opted.rpt"/>
  <File Type="PWROPT-DRC" Name="task_water_drc_pwropted.rpt"/>
  <File Type="PWROPT-TIMING" Name="task_water_timing_summary_pwropted.rpt"/>
  <File Type="PLACE-DCP" Name="task_water_placed.dcp"/>
  <File Type="PLACE-IO" Name="task_water_io_placed.rpt"/>
  <File Type="PLACE-CLK" Name="task_water_clock_utilization_placed.rpt"/>
  <File Type="PLACE-UTIL" Name="task_water_utilization_placed.rpt"/>
  <File Type="PLACE-UTIL-PB" Name="task_water_utilization_placed.pb"/>
  <File Type="PLACE-CTRL" Name="task_water_control_sets_placed.rpt"/>
  <File Type="PLACE-SIMILARITY" Name="task_water_incremental_reuse_placed.rpt"/>
  <File Type="PLACE-PRE-SIMILARITY" Name="task_water_incremental_reuse_pre_placed.rpt"/>
  <File Type="PLACE-TIMING" Name="task_water_timing_summary_placed.rpt"/>
  <File Type="POSTPLACE-PWROPT-DCP" Name="task_water_postplace_pwropt.dcp"/>
  <File Type="POSTPLACE-PWROPT-TIMING" Name="task_water_timing_summary_postplace_pwropted.rpt"/>
  <File Type="PHYSOPT-DCP" Name="task_water_physopt.dcp"/>
  <File Type="PHYSOPT-DRC" Name="task_water_drc_physopted.rpt"/>
  <File Type="BG-BIT" Name="task_water.bit"/>
  <File Type="PHYSOPT-TIMING" Name="task_water_timing_summary_physopted.rpt"/>
  <File Type="ROUTE-ERROR-DCP" Name="task_water_routed_error.dcp"/>
  <File Type="ROUTE-DCP" Name="task_water_routed.dcp"/>
  <File Type="ROUTE-BLACKBOX-DCP" Name="task_water_routed_bb.dcp"/>
  <File Type="ROUTE-DRC" Name="task_water_drc_routed.rpt"/>
  <File Type="ROUTE-DRC-PB" Name="task_water_drc_routed.pb"/>
  <File Type="BITSTR-MSK" Name="task_water.msk"/>
  <File Type="ROUTE-DRC-RPX" Name="task_water_drc_routed.rpx"/>
  <File Type="BG-BGN" Name="task_water.bgn"/>
  <File Type="ROUTE-METHODOLOGY-DRC" Name="task_water_methodology_drc_routed.rpt"/>
  <File Type="BITSTR-RBT" Name="task_water.rbt"/>
  <File Type="ROUTE-METHODOLOGY-DRC-RPX" Name="task_water_methodology_drc_routed.rpx"/>
  <File Type="BG-BIN" Name="task_water.bin"/>
  <File Type="ROUTE-METHODOLOGY-DRC-PB" Name="task_water_methodology_drc_routed.pb"/>
  <File Type="ROUTE-PWR-RPX" Name="task_water_power_routed.rpx"/>
  <File Type="ROUTE-STATUS" Name="task_water_route_status.rpt"/>
  <File Type="ROUTE-STATUS-PB" Name="task_water_route_status.pb"/>
  <File Type="ROUTE-TIMINGSUMMARY" Name="task_water_timing_summary_routed.rpt"/>
  <File Type="ROUTE-TIMING-PB" Name="task_water_timing_summary_routed.pb"/>
  <File Type="ROUTE-TIMING-RPX" Name="task_water_timing_summary_routed.rpx"/>
  <File Type="ROUTE-SIMILARITY" Name="task_water_incremental_reuse_routed.rpt"/>
  <File Type="RDI-RDI" Name="task_water.vdi"/>
  <File Type="ROUTE-CLK" Name="task_water_clock_utilization_routed.rpt"/>
  <File Type="POSTROUTE-PHYSOPT-DCP" Name="task_water_postroute_physopt.dcp"/>
  <File Type="POSTROUTE-PHYSOPT-BLACKBOX-DCP" Name="task_water_postroute_physopt_bb.dcp"/>
  <File Type="POSTROUTE-PHYSOPT-TIMING" Name="task_water_timing_summary_postroute_physopted.rpt"/>
  <File Type="POSTROUTE-PHYSOPT-TIMING-PB" Name="task_water_timing_summary_postroute_physopted.pb"/>
  <File Type="POSTROUTE-PHYSOPT-TIMING-RPX" Name="task_water_timing_summary_postroute_physopted.rpx"/>
  <File Type="BITSTR-NKY" Name="task_water.nky"/>
  <File Type="BITSTR-BMM" Name="task_water_bd.bmm"/>
  <File Type="BITSTR-MMI" Name="task_water.mmi"/>
  <File Type="BITSTR-LTX" Name="debug_nets.ltx"/>
  <File Type="BITSTR-LTX" Name="task_water.ltx"/>
  <File Type="BITSTR-SYSDEF" Name="task_water.sysdef"/>
  <File Type="WBT-USG" Name="usage_statistics_webtalk.html"/>
  <FileSet Name="sources" Type="DesignSrcs" RelSrcDir="$PSRCDIR/sources_1">
    <Filter Type="Srcs"/>
    <File Path="$PSRCDIR/sources_1/new/Alarm_Controller.v">
      <FileInfo>
        <Attr Name="UsedIn" Val="synthesis"/>
        <Attr Name="UsedIn" Val="implementation"/>
        <Attr Name="UsedIn" Val="simulation"/>
      </FileInfo>
    </File>
    <File Path="$PSRCDIR/sources_1/new/DP1.v">
      <FileInfo>
        <Attr Name="UsedIn" Val="synthesis"/>
        <Attr Name="UsedIn" Val="implementation"/>
        <Attr Name="UsedIn" Val="simulation"/>
      </FileInfo>
    </File>
    <File Path="$PSRCDIR/sources_1/new/FSM1.v">
      <FileInfo>
        <Attr Name="UsedIn" Val="synthesis"/>
        <Attr Name="UsedIn" Val="implementation"/>
        <Attr Name="UsedIn" Val="simulation"/>
      </FileInfo>
    </File>
    <File Path="$PSRCDIR/sources_1/new/MUX.v">
      <FileInfo>
        <Attr Name="UsedIn" Val="synthesis"/>
        <Attr Name="UsedIn" Val="implementation"/>
        <Attr Name="UsedIn" Val="simulation"/>
      </FileInfo>
    </File>
    <File Path="$PSRCDIR/sources_1/new/Top_Timer.v">
      <FileInfo>
        <Attr Name="UsedIn" Val="synthesis"/>
        <Attr Name="UsedIn" Val="implementation"/>
        <Attr Name="UsedIn" Val="simulation"/>
      </FileInfo>
    </File>
    <File Path="$PSRCDIR/sources_1/new/clk_1HZ.v">
      <FileInfo>
        <Attr Name="UsedIn" Val="synthesis"/>
        <Attr Name="UsedIn" Val="implementation"/>
        <Attr Name="UsedIn" Val="simulation"/>
      </FileInfo>
    </File>
    <File Path="$PSRCDIR/sources_1/new/debounce.v">
      <FileInfo>
        <Attr Name="UsedIn" Val="synthesis"/>
        <Attr Name="UsedIn" Val="implementation"/>
        <Attr Name="UsedIn" Val="simulation"/>
      </FileInfo>
    </File>
    <File Path="$PSRCDIR/sources_1/new/display.v">
      <FileInfo>
        <Attr Name="UsedIn" Val="synthesis"/>
        <Attr Name="UsedIn" Val="implementation"/>
        <Attr Name="UsedIn" Val="simulation"/>
      </FileInfo>
    </File>
    <File Path="$PSRCDIR/sources_1/new/pulse_on_button.v">
      <FileInfo>
        <Attr Name="UsedIn" Val="synthesis"/>
        <Attr Name="UsedIn" Val="implementation"/>
        <Attr Name="UsedIn" Val="simulation"/>
      </FileInfo>
    </File>
    <File Path="$PSRCDIR/sources_1/new/set_timer.v">
      <FileInfo>
        <Attr Name="UsedIn" Val="synthesis"/>
        <Attr Name="UsedIn" Val="implementation"/>
        <Attr Name="UsedIn" Val="simulation"/>
      </FileInfo>
    </File>
    <File Path="$PSRCDIR/sources_1/new/timer.v">
      <FileInfo>
        <Attr Name="UsedIn" Val="synthesis"/>
        <Attr Name="UsedIn" Val="implementation"/>
        <Attr Name="UsedIn" Val="simulation"/>
      </FileInfo>
    </File>
    <File Path="$PSRCDIR/sources_1/new/water_reminder.v">
      <FileInfo>
        <Attr Name="UsedIn" Val="synthesis"/>
        <Attr Name="UsedIn" Val="implementation"/>
        <Attr Name="UsedIn" Val="simulation"/>
      </FileInfo>
    </File>
    <File Path="$PSRCDIR/sources_1/new/task_water.v">
      <FileInfo>
        <Attr Name="UsedIn" Val="synthesis"/>
        <Attr Name="UsedIn" Val="implementation"/>
        <Attr Name="UsedIn" Val="simulation"/>
      </FileInfo>
    </File>
    <File Path="$PSRCDIR/sources_1/new/Control_timer.v">
      <FileInfo>
        <Attr Name="AutoDisabled" Val="1"/>
        <Attr Name="UsedIn" Val="synthesis"/>
        <Attr Name="UsedIn" Val="implementation"/>
        <Attr Name="UsedIn" Val="simulation"/>
      </FileInfo>
    </File>
    <File Path="$PSRCDIR/sources_1/new/DP0.v">
      <FileInfo>
        <Attr Name="AutoDisabled" Val="1"/>
        <Attr Name="UsedIn" Val="synthesis"/>
        <Attr Name="UsedIn" Val="implementation"/>
        <Attr Name="UsedIn" Val="simulation"/>
      </FileInfo>
    </File>
    <File Path="$PSRCDIR/sources_1/new/timer_reverse.v">
      <FileInfo>
        <Attr Name="AutoDisabled" Val="1"/>
        <Attr Name="UsedIn" Val="synthesis"/>
        <Attr Name="UsedIn" Val="implementation"/>
        <Attr Name="UsedIn" Val="simulation"/>
      </FileInfo>
    </File>
    <File Path="$PSRCDIR/sources_1/new/Top_Timer_Reverse.v">
      <FileInfo>
        <Attr Name="AutoDisabled" Val="1"/>
        <Attr Name="UsedIn" Val="synthesis"/>
        <Attr Name="UsedIn" Val="implementation"/>
        <Attr Name="UsedIn" Val="simulation"/>
      </FileInfo>
    </File>
    <File Path="$PSRCDIR/sources_1/new/set_schedule.v">
      <FileInfo>
        <Attr Name="AutoDisabled" Val="1"/>
        <Attr Name="UsedIn" Val="synthesis"/>
        <Attr Name="UsedIn" Val="implementation"/>
        <Attr Name="UsedIn" Val="simulation"/>
      </FileInfo>
    </File>
    <File Path="$PSRCDIR/sources_1/new/schedule.v">
      <FileInfo>
        <Attr Name="AutoDisabled" Val="1"/>
        <Attr Name="UsedIn" Val="synthesis"/>
        <Attr Name="UsedIn" Val="implementation"/>
        <Attr Name="UsedIn" Val="simulation"/>
      </FileInfo>
    </File>
    <File Path="$PSRCDIR/sources_1/new/str_display.v">
      <FileInfo>
        <Attr Name="AutoDisabled" Val="1"/>
        <Attr Name="UsedIn" Val="synthesis"/>
        <Attr Name="UsedIn" Val="implementation"/>
        <Attr Name="UsedIn" Val="simulation"/>
      </FileInfo>
    </File>
    <File Path="$PSRCDIR/sources_1/new/onoff.v">
      <FileInfo>
        <Attr Name="AutoDisabled" Val="1"/>
        <Attr Name="UsedIn" Val="synthesis"/>
        <Attr Name="UsedIn" Val="implementation"/>
        <Attr Name="UsedIn" Val="simulation"/>
      </FileInfo>
    </File>
    <File Path="$PSRCDIR/sources_1/new/pwm.v">
      <FileInfo>
        <Attr Name="AutoDisabled" Val="1"/>
        <Attr Name="UsedIn" Val="synthesis"/>
        <Attr Name="UsedIn" Val="implementation"/>
        <Attr Name="UsedIn" Val="simulation"/>
      </FileInfo>
    </File>
    <Config>
      <Option Name="DesignMode" Val="RTL"/>
      <Option Name="TopModule" Val="task_water"/>
    </Config>
  </FileSet>
  <FileSet Name="constrs_in" Type="Constrs" RelSrcDir="$PSRCDIR/constrs_1">
    <Filter Type="Constrs"/>
    <File Path="$PSRCDIR/constrs_1/new/Timer.xdc">
      <FileInfo>
        <Attr Name="UsedIn" Val="synthesis"/>
        <Attr Name="UsedIn" Val="implementation"/>
      </FileInfo>
    </File>
    <Config>
      <Option Name="TargetConstrsFile" Val="$PSRCDIR/constrs_1/new/Timer.xdc"/>
      <Option Name="ConstrsType" Val="XDC"/>
    </Config>
  </FileSet>
  <Strategy Version="1" Minor="2">
    <StratHandle Name="Vivado Implementation Defaults" Flow="Vivado Implementation 2017"/>
    <Step Id="init_design"/>
    <Step Id="opt_design"/>
    <Step Id="power_opt_design"/>
    <Step Id="place_design"/>
    <Step Id="post_place_power_opt_design"/>
    <Step Id="phys_opt_design"/>
    <Step Id="route_design"/>
    <Step Id="post_route_phys_opt_design"/>
    <Step Id="write_bitstream"/>
  </Strategy>
</GenRun>
