<?xml version="1.0" encoding="UTF-8"?>
<GenRun Id="impl_1" LaunchPart="xc7a35tcsg324-1" LaunchTime="1748674939">
  <File Type="PWROPT-DCP" Name="clothes_system_pwropt.dcp"/>
  <File Type="ROUTE-PWR" Name="clothes_system_power_routed.rpt"/>
  <File Type="PA-TCL" Name="clothes_system.tcl"/>
  <File Type="ROUTE-PWR-SUM" Name="clothes_system_power_summary_routed.pb"/>
  <File Type="REPORTS-TCL" Name="clothes_system_reports.tcl"/>
  <File Type="BG-DRC" Name="clothes_system.drc"/>
  <File Type="OPT-METHODOLOGY-DRC" Name="clothes_system_methodology_drc_opted.rpt"/>
  <File Type="INIT-TIMING" Name="clothes_system_timing_summary_init.rpt"/>
  <File Type="OPT-HWDEF" Name="clothes_system.hwdef"/>
  <File Type="OPT-DCP" Name="clothes_system_opt.dcp"/>
  <File Type="OPT-DRC" Name="clothes_system_drc_opted.rpt"/>
  <File Type="OPT-TIMING" Name="clothes_system_timing_summary_opted.rpt"/>
  <File Type="PWROPT-DRC" Name="clothes_system_drc_pwropted.rpt"/>
  <File Type="PWROPT-TIMING" Name="clothes_system_timing_summary_pwropted.rpt"/>
  <File Type="PLACE-DCP" Name="clothes_system_placed.dcp"/>
  <File Type="PLACE-IO" Name="clothes_system_io_placed.rpt"/>
  <File Type="PLACE-CLK" Name="clothes_system_clock_utilization_placed.rpt"/>
  <File Type="PLACE-UTIL" Name="clothes_system_utilization_placed.rpt"/>
  <File Type="PLACE-UTIL-PB" Name="clothes_system_utilization_placed.pb"/>
  <File Type="PLACE-CTRL" Name="clothes_system_control_sets_placed.rpt"/>
  <File Type="PLACE-SIMILARITY" Name="clothes_system_incremental_reuse_placed.rpt"/>
  <File Type="PLACE-PRE-SIMILARITY" Name="clothes_system_incremental_reuse_pre_placed.rpt"/>
  <File Type="PLACE-TIMING" Name="clothes_system_timing_summary_placed.rpt"/>
  <File Type="POSTPLACE-PWROPT-DCP" Name="clothes_system_postplace_pwropt.dcp"/>
  <File Type="POSTPLACE-PWROPT-TIMING" Name="clothes_system_timing_summary_postplace_pwropted.rpt"/>
  <File Type="PHYSOPT-DCP" Name="clothes_system_physopt.dcp"/>
  <File Type="PHYSOPT-DRC" Name="clothes_system_drc_physopted.rpt"/>
  <File Type="BG-BIT" Name="clothes_system.bit"/>
  <File Type="PHYSOPT-TIMING" Name="clothes_system_timing_summary_physopted.rpt"/>
  <File Type="ROUTE-ERROR-DCP" Name="clothes_system_routed_error.dcp"/>
  <File Type="ROUTE-DCP" Name="clothes_system_routed.dcp"/>
  <File Type="ROUTE-BLACKBOX-DCP" Name="clothes_system_routed_bb.dcp"/>
  <File Type="ROUTE-DRC" Name="clothes_system_drc_routed.rpt"/>
  <File Type="ROUTE-DRC-PB" Name="clothes_system_drc_routed.pb"/>
  <File Type="BITSTR-MSK" Name="clothes_system.msk"/>
  <File Type="ROUTE-DRC-RPX" Name="clothes_system_drc_routed.rpx"/>
  <File Type="BG-BGN" Name="clothes_system.bgn"/>
  <File Type="ROUTE-METHODOLOGY-DRC" Name="clothes_system_methodology_drc_routed.rpt"/>
  <File Type="BITSTR-RBT" Name="clothes_system.rbt"/>
  <File Type="ROUTE-METHODOLOGY-DRC-RPX" Name="clothes_system_methodology_drc_routed.rpx"/>
  <File Type="BG-BIN" Name="clothes_system.bin"/>
  <File Type="ROUTE-METHODOLOGY-DRC-PB" Name="clothes_system_methodology_drc_routed.pb"/>
  <File Type="ROUTE-PWR-RPX" Name="clothes_system_power_routed.rpx"/>
  <File Type="ROUTE-STATUS" Name="clothes_system_route_status.rpt"/>
  <File Type="ROUTE-STATUS-PB" Name="clothes_system_route_status.pb"/>
  <File Type="ROUTE-TIMINGSUMMARY" Name="clothes_system_timing_summary_routed.rpt"/>
  <File Type="ROUTE-TIMING-PB" Name="clothes_system_timing_summary_routed.pb"/>
  <File Type="ROUTE-TIMING-RPX" Name="clothes_system_timing_summary_routed.rpx"/>
  <File Type="ROUTE-SIMILARITY" Name="clothes_system_incremental_reuse_routed.rpt"/>
  <File Type="RDI-RDI" Name="clothes_system.vdi"/>
  <File Type="ROUTE-CLK" Name="clothes_system_clock_utilization_routed.rpt"/>
  <File Type="POSTROUTE-PHYSOPT-DCP" Name="clothes_system_postroute_physopt.dcp"/>
  <File Type="POSTROUTE-PHYSOPT-BLACKBOX-DCP" Name="clothes_system_postroute_physopt_bb.dcp"/>
  <File Type="POSTROUTE-PHYSOPT-TIMING" Name="clothes_system_timing_summary_postroute_physopted.rpt"/>
  <File Type="POSTROUTE-PHYSOPT-TIMING-PB" Name="clothes_system_timing_summary_postroute_physopted.pb"/>
  <File Type="POSTROUTE-PHYSOPT-TIMING-RPX" Name="clothes_system_timing_summary_postroute_physopted.rpx"/>
  <File Type="BITSTR-NKY" Name="clothes_system.nky"/>
  <File Type="BITSTR-BMM" Name="clothes_system_bd.bmm"/>
  <File Type="BITSTR-MMI" Name="clothes_system.mmi"/>
  <File Type="BITSTR-LTX" Name="debug_nets.ltx"/>
  <File Type="BITSTR-LTX" Name="clothes_system.ltx"/>
  <File Type="BITSTR-SYSDEF" Name="clothes_system.sysdef"/>
  <File Type="WBT-USG" Name="usage_statistics_webtalk.html"/>
  <FileSet Name="sources" Type="DesignSrcs" RelSrcDir="$PSRCDIR/sources_1">
    <Filter Type="Srcs"/>
    <File Path="$PSRCDIR/sources_1/new/DHT11.v">
      <FileInfo>
        <Attr Name="UsedIn" Val="synthesis"/>
        <Attr Name="UsedIn" Val="implementation"/>
        <Attr Name="UsedIn" Val="simulation"/>
      </FileInfo>
    </File>
    <File Path="$PSRCDIR/sources_1/new/clk_div_1.v">
      <FileInfo>
        <Attr Name="UsedIn" Val="synthesis"/>
        <Attr Name="UsedIn" Val="implementation"/>
        <Attr Name="UsedIn" Val="simulation"/>
      </FileInfo>
    </File>
    <File Path="$PSRCDIR/sources_1/new/clothing_advice.v">
      <FileInfo>
        <Attr Name="UsedIn" Val="synthesis"/>
        <Attr Name="UsedIn" Val="implementation"/>
        <Attr Name="UsedIn" Val="simulation"/>
      </FileInfo>
    </File>
    <File Path="$PSRCDIR/sources_1/new/display.v">
      <FileInfo>
        <Attr Name="UsedIn" Val="synthesis"/>
        <Attr Name="UsedIn" Val="implementation"/>
        <Attr Name="UsedIn" Val="simulation"/>
      </FileInfo>
    </File>
    <File Path="$PSRCDIR/sources_1/new/main.v">
      <FileInfo>
        <Attr Name="UsedIn" Val="synthesis"/>
        <Attr Name="UsedIn" Val="implementation"/>
        <Attr Name="UsedIn" Val="simulation"/>
      </FileInfo>
    </File>
    <File Path="$PSRCDIR/sources_1/new/pin.v">
      <FileInfo>
        <Attr Name="UsedIn" Val="synthesis"/>
        <Attr Name="UsedIn" Val="implementation"/>
        <Attr Name="UsedIn" Val="simulation"/>
      </FileInfo>
    </File>
    <File Path="$PSRCDIR/sources_1/new/select.v">
      <FileInfo>
        <Attr Name="UsedIn" Val="synthesis"/>
        <Attr Name="UsedIn" Val="implementation"/>
        <Attr Name="UsedIn" Val="simulation"/>
      </FileInfo>
    </File>
    <File Path="$PSRCDIR/sources_1/new/str_display.v">
      <FileInfo>
        <Attr Name="UsedIn" Val="synthesis"/>
        <Attr Name="UsedIn" Val="implementation"/>
        <Attr Name="UsedIn" Val="simulation"/>
      </FileInfo>
    </File>
    <File Path="$PSRCDIR/sources_1/new/temp_to_digits.v">
      <FileInfo>
        <Attr Name="UsedIn" Val="synthesis"/>
        <Attr Name="UsedIn" Val="implementation"/>
        <Attr Name="UsedIn" Val="simulation"/>
      </FileInfo>
    </File>
    <File Path="$PSRCDIR/sources_1/new/clothes_system.v">
      <FileInfo>
        <Attr Name="UsedIn" Val="synthesis"/>
        <Attr Name="UsedIn" Val="implementation"/>
        <Attr Name="UsedIn" Val="simulation"/>
      </FileInfo>
    </File>
    <Config>
      <Option Name="DesignMode" Val="RTL"/>
      <Option Name="TopModule" Val="clothes_system"/>
      <Option Name="TopAutoSet" Val="TRUE"/>
    </Config>
  </FileSet>
  <FileSet Name="constrs_in" Type="Constrs" RelSrcDir="$PSRCDIR/constrs_1">
    <Filter Type="Constrs"/>
    <File Path="$PSRCDIR/constrs_1/new/clothes_system.xdc">
      <FileInfo>
        <Attr Name="UsedIn" Val="synthesis"/>
        <Attr Name="UsedIn" Val="implementation"/>
      </FileInfo>
    </File>
    <Config>
      <Option Name="TargetConstrsFile" Val="$PSRCDIR/constrs_1/new/clothes_system.xdc"/>
      <Option Name="ConstrsType" Val="XDC"/>
    </Config>
  </FileSet>
  <Strategy Version="1" Minor="2">
    <StratHandle Name="Vivado Implementation Defaults" Flow="Vivado Implementation 2017"/>
    <Step Id="init_design"/>
    <Step Id="opt_design"/>
    <Step Id="power_opt_design"/>
    <Step Id="place_design"/>
    <Step Id="post_place_power_opt_design"/>
    <Step Id="phys_opt_design"/>
    <Step Id="route_design"/>
    <Step Id="post_route_phys_opt_design"/>
    <Step Id="write_bitstream"/>
  </Strategy>
</GenRun>
